Geo Name,Frequency,Date,Units: 1 Unit,Avg Unit Value: 1 Unit ($),Buildings: 5+ Units,Units: 5+ Units,Avg Bldg Value: 5+ Units ($),Avg Unit Value: 5+ Units ($)
"Dallas-Plano-Irving, TX",Monthly,1/1/2026,1817,288534,15,1091,10424033,143319
"Dallas-Plano-Irving, TX",Monthly,12/1/2025,1621,312084,32,1909,10140498,169982
"Dallas-Plano-Irving, TX",Monthly,11/1/2025,1530,310608,9,800,15277668,171874
"Dallas-Plano-Irving, TX",Monthly,10/1/2025,2124,316887,40,1706,6709621,157318
"Dallas-Plano-Irving, TX",Monthly,9/1/2025,1999,314067,36,2095,9154879,157315
"Dallas-Plano-Irving, TX",Monthly,8/1/2025,2200,292459,33,1421,8032461,186539
"Dallas-Plano-Irving, TX",Monthly,7/1/2025,2505,298711,55,1354,3698984,150254
"Dallas-Plano-Irving, TX",Monthly,6/1/2025,2403,295430,66,3209,8347754,171690
"Dallas-Plano-Irving, TX",Monthly,5/1/2025,2828,291855,68,1524,3912593,174578
"Dallas-Plano-Irving, TX",Monthly,4/1/2025,2953,296763,143,2072,2267417,156487
"Dallas-Plano-Irving, TX",Monthly,3/1/2025,2555,293221,55,1351,4848603,197389
"Dallas-Plano-Irving, TX",Monthly,2/1/2025,2814,301263,11,881,11991071,149718
"Dallas-Plano-Irving, TX",Monthly,1/1/2025,2648,298711,94,874,1540561,165690
"Dallas-Plano-Irving, TX",Monthly,12/1/2024,2694,291810,71,1992,3735011,133125
"Dallas-Plano-Irving, TX",Monthly,11/1/2024,2282,290900,19,645,3372770,99353
"Dallas-Plano-Irving, TX",Monthly,10/1/2024,2783,325172,54,1893,3967815,113186
"Dallas-Plano-Irving, TX",Monthly,9/1/2024,2628,317101,17,1002,8880937,150675
"Dallas-Plano-Irving, TX",Monthly,8/1/2024,3120,307799,42,1249,4520902,152024
"Dallas-Plano-Irving, TX",Monthly,7/1/2024,3338,317590,25,1270,6400094,125986
"Dallas-Plano-Irving, TX",Monthly,6/1/2024,2720,327746,9,842,12703903,135790
"Dallas-Plano-Irving, TX",Monthly,5/1/2024,3264,304909,41,1429,5955300,170866
"Dallas-Plano-Irving, TX",Monthly,4/1/2024,3314,304515,29,941,4359818,134362
"Dallas-Plano-Irving, TX",Monthly,3/1/2024,2920,304542,28,1016,5464397,150594
"Dallas-Plano-Irving, TX",Monthly,2/1/2024,2998,316298,23,1106,7569075,157404
"Dallas-Plano-Irving, TX",Monthly,1/1/2024,2927,311532,26,872,2002384,59704
"Dallas-Plano-Irving, TX",Monthly,12/1/2023,2131,320724,11,334,11830060,389613
"Dallas-Plano-Irving, TX",Monthly,11/1/2023,2372,306848,22,1499,7701656,113033
"Dallas-Plano-Irving, TX",Monthly,10/1/2023,2650,310368,23,1286,7725621,138172
"Dallas-Plano-Irving, TX",Monthly,9/1/2023,2387,319541,16,1200,9925884,132345
"Dallas-Plano-Irving, TX",Monthly,8/1/2023,3238,311020,16,1323,8377171,101311
"Dallas-Plano-Irving, TX",Monthly,7/1/2023,2599,310090,35,1926,7751674,140866
"Dallas-Plano-Irving, TX",Monthly,6/1/2023,3275,283932,21,1034,7202685,146283
"Dallas-Plano-Irving, TX",Monthly,5/1/2023,2784,323658,52,2836,8821964,161757
"Dallas-Plano-Irving, TX",Monthly,4/1/2023,2921,306434,20,419,3931714,187671
"Dallas-Plano-Irving, TX",Monthly,3/1/2023,2755,290684,47,1147,2453766,100547
"Dallas-Plano-Irving, TX",Monthly,2/1/2023,1965,308698,61,2507,5736940,139590
"Dallas-Plano-Irving, TX",Monthly,1/1/2023,1547,352096,15,1824,19056717,156716
"Dallas-Plano-Irving, TX",Monthly,12/1/2022,1681,288027,26,2097,9675596,119964
"Dallas-Plano-Irving, TX",Monthly,11/1/2022,1664,309546,60,1044,2754092,158281
"Dallas-Plano-Irving, TX",Monthly,10/1/2022,1747,304413,60,3282,6715585,122771
"Dallas-Plano-Irving, TX",Monthly,9/1/2022,2179,286421,28,2143,9709184,126858
"Dallas-Plano-Irving, TX",Monthly,8/1/2022,2467,288935,23,1450,9752288,154691
"Dallas-Plano-Irving, TX",Monthly,7/1/2022,2157,287295,49,3405,10116790,145587
"Dallas-Plano-Irving, TX",Monthly,6/1/2022,2901,284278,38,1800,6059519,127923
"Dallas-Plano-Irving, TX",Monthly,5/1/2022,2940,284744,33,1508,5846932,127950
"Dallas-Plano-Irving, TX",Monthly,4/1/2022,3111,307803,47,1351,4264514,148358
"Dallas-Plano-Irving, TX",Monthly,3/1/2022,3834,288616,16,1327,12142045,146400
"Dallas-Plano-Irving, TX",Monthly,2/1/2022,2683,304101,46,1462,3863135,121549
"Dallas-Plano-Irving, TX",Monthly,1/1/2022,3038,284121,52,2535,6749244,138446
"Dallas-Plano-Irving, TX",Monthly,12/1/2021,2632,276813,10,959,12361759,128903
"Dallas-Plano-Irving, TX",Monthly,11/1/2021,2441,276637,23,1929,12260315,146183
"Dallas-Plano-Irving, TX",Monthly,10/1/2021,2615,272276,23,954,5312528,128080
"Dallas-Plano-Irving, TX",Monthly,9/1/2021,2555,264202,47,2055,5257975,120255
"Dallas-Plano-Irving, TX",Monthly,8/1/2021,2835,274325,45,1995,5904913,133194
"Dallas-Plano-Irving, TX",Monthly,7/1/2021,3307,261814,38,1014,2919031,109392
"Dallas-Plano-Irving, TX",Monthly,6/1/2021,3277,278127,59,3104,6183959,117543
"Dallas-Plano-Irving, TX",Monthly,5/1/2021,3558,274528,14,1043,9445643,126787
"Dallas-Plano-Irving, TX",Monthly,4/1/2021,3434,269350,48,1512,3973469,126142
"Dallas-Plano-Irving, TX",Monthly,3/1/2021,4178,263703,25,1554,5932912,95446
"Dallas-Plano-Irving, TX",Monthly,2/1/2021,2871,256453,13,770,1916230,32352
"Dallas-Plano-Irving, TX",Monthly,1/1/2021,3435,263817,27,2039,9247137,122449
"Dallas-Plano-Irving, TX",Monthly,12/1/2020,3540,248315,12,667,4453776,80128
"Dallas-Plano-Irving, TX",Monthly,11/1/2020,2759,269075,49,1631,4349593,130674
"Dallas-Plano-Irving, TX",Monthly,10/1/2020,3185,260354,4,166,5037041,121374
"Dallas-Plano-Irving, TX",Monthly,9/1/2020,2997,267146,12,649,6421417,118732
"Dallas-Plano-Irving, TX",Monthly,8/1/2020,2881,265299,0,0,0,0
"Dallas-Plano-Irving, TX",Monthly,7/1/2020,2819,261475,21,1004,5956346,124585
"Dallas-Plano-Irving, TX",Monthly,6/1/2020,2386,251180,21,1428,8338723,122628
"Dallas-Plano-Irving, TX",Monthly,5/1/2020,1977,273741,29,1500,7105741,137378
"Dallas-Plano-Irving, TX",Monthly,4/1/2020,1913,260017,29,1268,5844049,133657
"Dallas-Plano-Irving, TX",Monthly,3/1/2020,2378,266231,13,853,7063913,107656
"Dallas-Plano-Irving, TX",Monthly,2/1/2020,2642,255097,11,146,1364826,102829
"Dallas-Plano-Irving, TX",Monthly,1/1/2020,2424,254329,46,1031,2476313,110485
"Dallas-Plano-Irving, TX",Monthly,12/1/2019,2007,255260,13,833,9713820,151596
"Dallas-Plano-Irving, TX",Monthly,11/1/2019,2045,257529,76,1865,2023598,82463
"Dallas-Plano-Irving, TX",Monthly,10/1/2019,2451,246482,47,2725,7090881,122301
"Dallas-Plano-Irving, TX",Monthly,9/1/2019,2165,253434,11,1115,8143445,80339
"Dallas-Plano-Irving, TX",Monthly,8/1/2019,2229,263183,37,2640,7620264,106799
"Dallas-Plano-Irving, TX",Monthly,7/1/2019,2234,262699,14,889,8809279,138729
"Dallas-Plano-Irving, TX",Monthly,6/1/2019,2087,270796,15,1438,11651748,121541
"Dallas-Plano-Irving, TX",Monthly,5/1/2019,2183,270585,54,1798,4085552,122703
"Dallas-Plano-Irving, TX",Monthly,4/1/2019,2252,293277,21,1384,7162278,108676
"Dallas-Plano-Irving, TX",Monthly,3/1/2019,2038,288185,31,728,1074662,45762
"Dallas-Plano-Irving, TX",Monthly,2/1/2019,1911,296290,8,391,7025713,143749
"Dallas-Plano-Irving, TX",Monthly,1/1/2019,1871,303773,36,1636,6235248,137206
"Dallas-Plano-Irving, TX",Monthly,12/1/2018,1440,295139,28,1990,7237201,101830
"Dallas-Plano-Irving, TX",Monthly,11/1/2018,1628,295172,42,2204,4683618,89252
"Dallas-Plano-Irving, TX",Monthly,10/1/2018,2178,299591,14,394,3031885,107732
"Dallas-Plano-Irving, TX",Monthly,9/1/2018,2214,273547,52,1081,2068275,99491
"Dallas-Plano-Irving, TX",Monthly,8/1/2018,2619,289552,30,2046,7936221,116367
"Dallas-Plano-Irving, TX",Monthly,7/1/2018,2527,283682,23,2796,15055510,123847
"Dallas-Plano-Irving, TX",Monthly,6/1/2018,2726,288140,20,2273,10880799,95740
"Dallas-Plano-Irving, TX",Monthly,5/1/2018,2456,287310,56,1295,2019224,87318
"Dallas-Plano-Irving, TX",Monthly,4/1/2018,2156,293791,80,3707,5991095,129293
"Dallas-Plano-Irving, TX",Monthly,3/1/2018,2048,301560,41,1156,3054608,108338
"Dallas-Plano-Irving, TX",Monthly,2/1/2018,2112,276733,32,666,2352220,113020
"Dallas-Plano-Irving, TX",Monthly,1/1/2018,2361,296457,33,945,2375331,82948
"Dallas-Plano-Irving, TX",Monthly,12/1/2017,1637,297011,26,1275,5360063,109303
"Dallas-Plano-Irving, TX",Monthly,11/1/2017,1913,291772,45,1464,3422737,105207
"Dallas-Plano-Irving, TX",Monthly,10/1/2017,1827,303358,51,2913,5760644,100856
"Dallas-Plano-Irving, TX",Monthly,9/1/2017,1917,297763,27,1693,6362981,101477
"Dallas-Plano-Irving, TX",Monthly,8/1/2017,2438,289385,51,2826,15868478,286374
"Dallas-Plano-Irving, TX",Monthly,7/1/2017,2149,288199,25,897,3218627,89705
"Dallas-Plano-Irving, TX",Monthly,6/1/2017,2664,283806,42,1638,3345782,85789
"Dallas-Plano-Irving, TX",Monthly,5/1/2017,2279,307669,26,1496,6087401,105797
"Dallas-Plano-Irving, TX",Monthly,4/1/2017,2125,303036,13,933,13042669,181731
"Dallas-Plano-Irving, TX",Monthly,3/1/2017,2439,298726,51,2699,5588598,105602
"Dallas-Plano-Irving, TX",Monthly,2/1/2017,1963,306269,41,1865,4427987,97344
"Dallas-Plano-Irving, TX",Monthly,1/1/2017,1897,292764,27,2195,7846756,96520
"Dallas-Plano-Irving, TX",Monthly,12/1/2016,1656,297102,32,1436,4044611,90131
"Dallas-Plano-Irving, TX",Monthly,11/1/2016,1634,294672,18,1531,8269148,97221
"Dallas-Plano-Irving, TX",Monthly,10/1/2016,1720,294114,23,1631,6624265,93414
"Dallas-Plano-Irving, TX",Monthly,9/1/2016,1618,270860,27,1373,6534503,128501
"Dallas-Plano-Irving, TX",Monthly,8/1/2016,2317,279652,19,1288,6941584,102399
"Dallas-Plano-Irving, TX",Monthly,7/1/2016,1961,279631,26,2511,10104297,104624
"Dallas-Plano-Irving, TX",Monthly,6/1/2016,2234,293329,39,1542,3959430,100141
"Dallas-Plano-Irving, TX",Monthly,5/1/2016,2095,294310,22,1357,5783665,93766
"Dallas-Plano-Irving, TX",Monthly,4/1/2016,1966,292974,9,968,9331998,86764
"Dallas-Plano-Irving, TX",Monthly,3/1/2016,2001,288741,15,2085,14538340,104592
"Dallas-Plano-Irving, TX",Monthly,2/1/2016,1900,301351,27,1245,4431047,96095
"Dallas-Plano-Irving, TX",Monthly,1/1/2016,1566,298418,32,1824,5911649,103713
"Dallas-Plano-Irving, TX",Monthly,12/1/2015,1546,275792,49,2534,4811184,93034
"Dallas-Plano-Irving, TX",Monthly,11/1/2015,1469,289959,16,1072,6579546,98202
"Dallas-Plano-Irving, TX",Monthly,10/1/2015,1791,286410,70,2605,3498200,94002
"Dallas-Plano-Irving, TX",Monthly,9/1/2015,1980,274590,23,2743,9906229,83064
"Dallas-Plano-Irving, TX",Monthly,8/1/2015,1860,279916,45,3361,6398298,85666
"Dallas-Plano-Irving, TX",Monthly,7/1/2015,1905,292725,33,2198,5761974,86508
"Dallas-Plano-Irving, TX",Monthly,6/1/2015,2130,298448,66,2777,4110377,97690
"Dallas-Plano-Irving, TX",Monthly,5/1/2015,1828,272814,23,868,3177308,84191
"Dallas-Plano-Irving, TX",Monthly,4/1/2015,2094,283975,27,1380,2573404,50349
"Dallas-Plano-Irving, TX",Monthly,3/1/2015,1825,281889,20,947,3453791,72942
"Dallas-Plano-Irving, TX",Monthly,2/1/2015,1598,284399,38,1970,2344461,45223
"Dallas-Plano-Irving, TX",Monthly,1/1/2015,1655,297745,33,1948,5020495,85049
"Dallas-Plano-Irving, TX",Monthly,12/1/2014,1510,294841,29,2738,8106581,85862
"Dallas-Plano-Irving, TX",Monthly,11/1/2014,1220,307485,13,517,3532918,88835
"Dallas-Plano-Irving, TX",Monthly,10/1/2014,1590,291154,18,1048,3724492,63970
"Dallas-Plano-Irving, TX",Monthly,9/1/2014,1604,274092,15,639,3435276,80640
"Dallas-Plano-Irving, TX",Monthly,8/1/2014,1587,274187,8,1297,15008531,92574
"Dallas-Plano-Irving, TX",Monthly,7/1/2014,1862,279760,7,370,3355891,63490
"Dallas-Plano-Irving, TX",Monthly,6/1/2014,1695,289520,23,1011,4353708,99046
"Dallas-Plano-Irving, TX",Monthly,5/1/2014,1479,278292,26,1189,3488038,76273
"Dallas-Plano-Irving, TX",Monthly,4/1/2014,1639,278243,39,1928,4069312,82315
"Dallas-Plano-Irving, TX",Monthly,3/1/2014,1545,295644,42,1060,1978164,78380
"Dallas-Plano-Irving, TX",Monthly,2/1/2014,1303,285475,40,1776,3321694,74813
"Dallas-Plano-Irving, TX",Monthly,1/1/2014,1420,281721,26,1087,3210078,76782
"Dallas-Plano-Irving, TX",Monthly,12/1/2013,894,309246,41,1032,2035464,80866
"Dallas-Plano-Irving, TX",Monthly,11/1/2013,984,293389,29,948,2016608,61689
"Dallas-Plano-Irving, TX",Monthly,10/1/2013,1210,299887,67,2834,3110981,73548
"Dallas-Plano-Irving, TX",Monthly,9/1/2013,1061,286732,35,1711,3216017,65786
"Dallas-Plano-Irving, TX",Monthly,8/1/2013,1330,300292,18,1778,7584355,76782
"Dallas-Plano-Irving, TX",Monthly,7/1/2013,1451,292381,24,1503,5036562,80424
"Dallas-Plano-Irving, TX",Monthly,6/1/2013,1451,280385,6,705,8861870,75420
"Dallas-Plano-Irving, TX",Monthly,5/1/2013,1392,291671,20,608,1524268,50140
"Dallas-Plano-Irving, TX",Monthly,4/1/2013,1537,278188,17,481,2172479,76782
"Dallas-Plano-Irving, TX",Monthly,3/1/2013,1259,276757,9,508,549947,9743
"Dallas-Plano-Irving, TX",Monthly,2/1/2013,1064,287817,6,879,18785469,128228
"Dallas-Plano-Irving, TX",Monthly,1/1/2013,1061,267253,20,721,2616387,72577
"Dallas-Plano-Irving, TX",Monthly,12/1/2012,833,284966,2,710,19986962,56301
"Dallas-Plano-Irving, TX",Monthly,11/1/2012,1151,266551,12,334,2239814,80472
"Dallas-Plano-Irving, TX",Monthly,10/1/2012,1213,266603,17,1062,4749671,76031
"Dallas-Plano-Irving, TX",Monthly,9/1/2012,1130,260843,7,714,7674456,75240
"Dallas-Plano-Irving, TX",Monthly,8/1/2012,1244,276887,124,3118,1675377,66628
"Dallas-Plano-Irving, TX",Monthly,7/1/2012,1098,267731,9,1382,12618571,82176
"Dallas-Plano-Irving, TX",Monthly,6/1/2012,1101,272461,35,1611,2725760,59219
"Dallas-Plano-Irving, TX",Monthly,5/1/2012,1167,275329,23,1024,3644711,81864
"Dallas-Plano-Irving, TX",Monthly,4/1/2012,1034,272298,2,238,9030388,75886
"Dallas-Plano-Irving, TX",Monthly,3/1/2012,958,272461,11,996,7100173,78416
"Dallas-Plano-Irving, TX",Monthly,2/1/2012,782,266837,6,240,2345095,58627
"Dallas-Plano-Irving, TX",Monthly,1/1/2012,905,235688,75,1902,2091336,82466
"Dallas-Plano-Irving, TX",Monthly,12/1/2011,636,289784,57,736,1228347,95130
"Dallas-Plano-Irving, TX",Monthly,11/1/2011,643,296165,2,384,20430965,106411
"Dallas-Plano-Irving, TX",Monthly,10/1/2011,709,296711,44,961,1603784,73430
"Dallas-Plano-Irving, TX",Monthly,9/1/2011,822,253019,3,450,11654197,77695
"Dallas-Plano-Irving, TX",Monthly,8/1/2011,943,253328,66,1825,2598737,93982
"Dallas-Plano-Irving, TX",Monthly,7/1/2011,829,296736,17,794,4182867,89558
"Dallas-Plano-Irving, TX",Monthly,6/1/2011,1037,293080,22,738,1786079,53244
"Dallas-Plano-Irving, TX",Monthly,5/1/2011,845,261365,14,328,1260440,53799
"Dallas-Plano-Irving, TX",Monthly,4/1/2011,832,266404,25,599,1836391,76644
"Dallas-Plano-Irving, TX",Monthly,3/1/2011,921,276385,31,875,1861465,65949
"Dallas-Plano-Irving, TX",Monthly,2/1/2011,582,274772,22,1113,3380644,66823
"Dallas-Plano-Irving, TX",Monthly,1/1/2011,704,275256,2,326,14453976,88675
"Dallas-Plano-Irving, TX",Monthly,12/1/2010,623,275812,9,157,1342561,76962
"Dallas-Plano-Irving, TX",Monthly,11/1/2010,726,254649,36,745,2165704,104651
"Dallas-Plano-Irving, TX",Monthly,10/1/2010,616,251002,3,128,3355513,78645
"Dallas-Plano-Irving, TX",Monthly,9/1/2010,618,275148,30,563,1056785,56312
"Dallas-Plano-Irving, TX",Monthly,8/1/2010,766,244216,10,343,2241129,65339
"Dallas-Plano-Irving, TX",Monthly,7/1/2010,884,267573,35,732,1142921,54648
"Dallas-Plano-Irving, TX",Monthly,6/1/2010,1012,271708,2,137,62335881,910013
"Dallas-Plano-Irving, TX",Monthly,5/1/2010,748,302812,4,34,634814,74684
"Dallas-Plano-Irving, TX",Monthly,4/1/2010,873,269499,4,46,777445,67604
"Dallas-Plano-Irving, TX",Monthly,3/1/2010,1108,251380,7,406,6256459,107870
"Dallas-Plano-Irving, TX",Monthly,2/1/2010,863,257502,5,148,3154696,106578
"Dallas-Plano-Irving, TX",Monthly,1/1/2010,746,244801,6,286,3168526,66473
"Dallas-Plano-Irving, TX",Monthly,12/1/2009,792,243674,6,343,5449937,95334
"Dallas-Plano-Irving, TX",Monthly,11/1/2009,676,264077,2,83,2763367,66587
"Dallas-Plano-Irving, TX",Monthly,10/1/2009,781,236375,2,12,398098,66350
"Dallas-Plano-Irving, TX",Monthly,9/1/2009,800,251676,2,18,391025,43447
"Dallas-Plano-Irving, TX",Monthly,8/1/2009,894,240407,2,16,522917,65365
"Dallas-Plano-Irving, TX",Monthly,7/1/2009,966,235450,1,5,239425,47885
"Dallas-Plano-Irving, TX",Monthly,6/1/2009,987,251737,10,318,2166321,68123
"Dallas-Plano-Irving, TX",Monthly,5/1/2009,688,259743,29,633,2084190,95484
"Dallas-Plano-Irving, TX",Monthly,4/1/2009,590,247462,39,870,1045641,46874
"Dallas-Plano-Irving, TX",Monthly,3/1/2009,623,228030,50,617,728530,59038
"Dallas-Plano-Irving, TX",Monthly,2/1/2009,539,270961,28,536,1040313,54345
"Dallas-Plano-Irving, TX",Monthly,1/1/2009,431,264932,10,982,7554814,76933
"Dallas-Plano-Irving, TX",Monthly,12/1/2008,412,272685,16,500,2086437,66766
"Dallas-Plano-Irving, TX",Monthly,11/1/2008,484,284472,1,19,3235947,170313
"Dallas-Plano-Irving, TX",Monthly,10/1/2008,687,270369,19,1234,5316498,81859
"Dallas-Plano-Irving, TX",Monthly,9/1/2008,819,247399,31,688,1644735,74109
"Dallas-Plano-Irving, TX",Monthly,8/1/2008,926,228640,51,2294,3704057,82348
"Dallas-Plano-Irving, TX",Monthly,7/1/2008,1097,234090,86,2192,1750173,68666
"Dallas-Plano-Irving, TX",Monthly,6/1/2008,1167,216112,57,1252,1412931,64327
"Dallas-Plano-Irving, TX",Monthly,5/1/2008,1144,227675,40,923,1798241,77930
"Dallas-Plano-Irving, TX",Monthly,4/1/2008,1220,232378,20,1100,3502878,63689
"Dallas-Plano-Irving, TX",Monthly,3/1/2008,985,244627,29,799,1278598,46407
"Dallas-Plano-Irving, TX",Monthly,2/1/2008,1094,263308,5,431,8084115,93783
"Dallas-Plano-Irving, TX",Monthly,1/1/2008,948,266087,75,3399,2464130,54372
"Dallas-Plano-Irving, TX",Monthly,12/1/2007,811,257935,15,985,5554658,84589
"Dallas-Plano-Irving, TX",Monthly,11/1/2007,957,239778,15,1335,7565889,85010
"Dallas-Plano-Irving, TX",Monthly,10/1/2007,1272,247401,46,1118,1777046,73116
"Dallas-Plano-Irving, TX",Monthly,9/1/2007,1238,255438,14,595,1418571,33378
"Dallas-Plano-Irving, TX",Monthly,8/1/2007,1592,234875,5,549,13025768,118632
"Dallas-Plano-Irving, TX",Monthly,7/1/2007,1509,248632,38,715,1137857,60473
"Dallas-Plano-Irving, TX",Monthly,6/1/2007,1778,234618,37,1711,3300701,71377
"Dallas-Plano-Irving, TX",Monthly,5/1/2007,1798,230365,17,708,3811628,91522
"Dallas-Plano-Irving, TX",Monthly,4/1/2007,1871,216319,8,116,1974933,136202
"Dallas-Plano-Irving, TX",Monthly,3/1/2007,1787,230478,40,653,874275,53554
"Dallas-Plano-Irving, TX",Monthly,2/1/2007,1523,246209,32,1033,5859984,181529
"Dallas-Plano-Irving, TX",Monthly,1/1/2007,1582,230801,31,1139,5383038,146509
"Dallas-Plano-Irving, TX",Monthly,12/1/2006,1276,243953,20,1080,4851192,89837
"Dallas-Plano-Irving, TX",Monthly,11/1/2006,1640,237562,29,606,1659032,79393
"Dallas-Plano-Irving, TX",Monthly,10/1/2006,2043,213111,21,303,3754217,260193
"Dallas-Plano-Irving, TX",Monthly,9/1/2006,2082,210655,18,418,1922356,82781
"Dallas-Plano-Irving, TX",Monthly,8/1/2006,2492,215574,9,628,12417889,177963
"Dallas-Plano-Irving, TX",Monthly,7/1/2006,2423,210451,4,100,1425000,57000
"Dallas-Plano-Irving, TX",Monthly,6/1/2006,2918,206442,100,2185,1268825,58070
"Dallas-Plano-Irving, TX",Monthly,5/1/2006,3037,207403,15,406,2861220,105710
"Dallas-Plano-Irving, TX",Monthly,4/1/2006,2584,201990,18,467,1632345,62917
"Dallas-Plano-Irving, TX",Monthly,3/1/2006,2935,202897,41,1274,2319154,74635
"Dallas-Plano-Irving, TX",Monthly,2/1/2006,2563,197012,12,573,3393531,71069
"Dallas-Plano-Irving, TX",Monthly,1/1/2006,2347,210510,20,505,1587640,62877
"Dallas-Plano-Irving, TX",Monthly,12/1/2005,2439,180864,25,884,3235798,91510
"Dallas-Plano-Irving, TX",Monthly,11/1/2005,2473,200491,14,317,2010115,88775
"Dallas-Plano-Irving, TX",Monthly,10/1/2005,2593,191383,5,150,2297655,76588
"Dallas-Plano-Irving, TX",Monthly,9/1/2005,2537,190987,13,352,1299285,47985
"Dallas-Plano-Irving, TX",Monthly,8/1/2005,3140,187060,23,568,2067502,83719
"Dallas-Plano-Irving, TX",Monthly,7/1/2005,2724,183649,65,1005,1144324,74011
"Dallas-Plano-Irving, TX",Monthly,6/1/2005,2809,188310,32,673,1366390,64970
"Dallas-Plano-Irving, TX",Monthly,5/1/2005,2740,193865,25,487,1506418,77332
"Dallas-Plano-Irving, TX",Monthly,4/1/2005,2854,182829,28,882,1836536,58303
"Dallas-Plano-Irving, TX",Monthly,3/1/2005,2678,184386,11,370,3071409,91312
"Dallas-Plano-Irving, TX",Monthly,2/1/2005,2357,188129,10,612,5097411,83291
"Dallas-Plano-Irving, TX",Monthly,1/1/2005,2116,187979,88,650,325524,44071
"Dallas-Plano-Irving, TX",Monthly,12/1/2004,2025,183656,23,556,1574470,65131
"Dallas-Plano-Irving, TX",Monthly,11/1/2004,1977,177057,8,76,627505,66053
"Dallas-Plano-Irving, TX",Monthly,10/1/2004,2282,179067,14,183,758821,58052
"Dallas-Plano-Irving, TX",Monthly,9/1/2004,2403,175699,16,222,830370,59846
"Dallas-Plano-Irving, TX",Monthly,8/1/2004,2708,178593,13,254,1871311,95776
"Dallas-Plano-Irving, TX",Monthly,7/1/2004,2778,175907,62,935,691631,45862
"Dallas-Plano-Irving, TX",Monthly,6/1/2004,2882,175704,25,679,1353862,49848
"Dallas-Plano-Irving, TX",Monthly,5/1/2004,2683,167880,34,1195,2693450,76634
"Dallas-Plano-Irving, TX",Monthly,4/1/2004,2962,169676,15,463,1380747,44733
"Dallas-Plano-Irving, TX",Monthly,3/1/2004,2866,172108,30,465,806072,52005
"Dallas-Plano-Irving, TX",Monthly,2/1/2004,2349,172806,3,23,370916,48380
"Dallas-Plano-Irving, TX",Monthly,1/1/2004,1969,170829,17,173,389695,38294
"Dallas-Plano-Irving, TX",Monthly,12/1/2003,1924,177869,84,798,515059,54217
"Dallas-Plano-Irving, TX",Monthly,11/1/2003,1534,162909,14,330,1214843,51539
"Dallas-Plano-Irving, TX",Monthly,10/1/2003,2429,176052,43,1002,1086229,46615
"Dallas-Plano-Irving, TX",Monthly,9/1/2003,2553,165124,25,574,1811233,78886
"Dallas-Plano-Irving, TX",Monthly,8/1/2003,2468,170670,35,855,1338571,54795
"Dallas-Plano-Irving, TX",Monthly,7/1/2003,2665,173874,21,589,1514005,53980
"Dallas-Plano-Irving, TX",Monthly,6/1/2003,2430,169348,29,1035,2952074,82715
"Dallas-Plano-Irving, TX",Monthly,5/1/2003,2452,170579,51,823,883511,54750
"Dallas-Plano-Irving, TX",Monthly,4/1/2003,2381,172429,32,957,1561682,52219
"Dallas-Plano-Irving, TX",Monthly,3/1/2003,2257,175332,43,336,399459,51121
"Dallas-Plano-Irving, TX",Monthly,2/1/2003,1711,176611,12,437,2068041,56788
"Dallas-Plano-Irving, TX",Monthly,1/1/2003,1868,180592,3,488,6033333,37090
"Dallas-Plano-Irving, TX",Monthly,12/1/2002,1417,176229,67,1759,1210677,46114
"Dallas-Plano-Irving, TX",Monthly,11/1/2002,1705,174693,65,908,634511,45422
"Dallas-Plano-Irving, TX",Monthly,10/1/2002,2119,168425,45,851,1196444,63267
"Dallas-Plano-Irving, TX",Monthly,9/1/2002,1924,168574,27,1079,2020147,50550
"Dallas-Plano-Irving, TX",Monthly,8/1/2002,2373,165018,13,363,933207,33421
"Dallas-Plano-Irving, TX",Monthly,7/1/2002,2223,159845,38,595,75230,4805
"Dallas-Plano-Irving, TX",Monthly,6/1/2002,2079,172831,44,653,1021877,68855
"Dallas-Plano-Irving, TX",Monthly,5/1/2002,2464,175443,22,975,2420351,54613
"Dallas-Plano-Irving, TX",Monthly,4/1/2002,2332,167707,12,626,3409366,65355
"Dallas-Plano-Irving, TX",Monthly,3/1/2002,2305,160850,10,176,834800,47432
"Dallas-Plano-Irving, TX",Monthly,2/1/2002,1883,167272,19,132,370698,53358
"Dallas-Plano-Irving, TX",Monthly,1/1/2002,1793,161647,46,666,951489,65718
"Dallas-Plano-Irving, TX",Monthly,12/1/2001,1605,154456,77,1394,631289,34870
"Dallas-Plano-Irving, TX",Monthly,11/1/2001,1587,164348,77,1538,1125484,56347
"Dallas-Plano-Irving, TX",Monthly,10/1/2001,2021,159026,32,700,854359,39056
"Dallas-Plano-Irving, TX",Monthly,9/1/2001,1768,167667,46,1126,1468460,59990
"Dallas-Plano-Irving, TX",Monthly,8/1/2001,2217,166730,24,308,662677,51637
"Dallas-Plano-Irving, TX",Monthly,7/1/2001,2398,169190,57,1133,1319068,66361
"Dallas-Plano-Irving, TX",Monthly,6/1/2001,2555,163699,26,480,775693,42017
"Dallas-Plano-Irving, TX",Monthly,5/1/2001,2727,154969,15,1066,3956940,55679
"Dallas-Plano-Irving, TX",Monthly,4/1/2001,2355,155563,15,266,1066708,60153
"Dallas-Plano-Irving, TX",Monthly,3/1/2001,2422,162302,47,1218,1155737,44597
"Dallas-Plano-Irving, TX",Monthly,2/1/2001,1998,168871,10,262,1016400,38794
"Dallas-Plano-Irving, TX",Monthly,1/1/2001,1904,167745,12,96,368073,46009
"Dallas-Plano-Irving, TX",Monthly,12/1/2000,1897,166305,2,529,24559500,92853
"Dallas-Plano-Irving, TX",Monthly,11/1/2000,1769,161102,27,700,6192258,238844
"Dallas-Plano-Irving, TX",Monthly,10/1/2000,2109,161503,41,790,944835,49036
"Dallas-Plano-Irving, TX",Monthly,9/1/2000,2193,160100,65,1059,851298,52252
"Dallas-Plano-Irving, TX",Monthly,8/1/2000,2304,161762,40,710,917273,51677
"Dallas-Plano-Irving, TX",Monthly,7/1/2000,2237,160524,3,17,295177,52090
"Dallas-Plano-Irving, TX",Monthly,6/1/2000,2364,148831,5,112,1529429,68278
"Dallas-Plano-Irving, TX",Monthly,5/1/2000,2434,163334,35,280,261097,32637
"Dallas-Plano-Irving, TX",Monthly,4/1/2000,2156,157704,65,1084,851349,51050
"Dallas-Plano-Irving, TX",Monthly,3/1/2000,2318,157851,10,136,475544,34966
"Dallas-Plano-Irving, TX",Monthly,2/1/2000,2128,162903,6,63,1053666,100349
"Dallas-Plano-Irving, TX",Monthly,1/1/2000,1720,164284,33,515,761390,48788
"Dallas-Plano-Irving, TX",Monthly,12/1/1999,1510,147988,34,402,798496,67535
"Dallas-Plano-Irving, TX",Monthly,11/1/1999,1379,160814,76,1031,691570,50979
"Dallas-Plano-Irving, TX",Monthly,10/1/1999,1548,163278,43,892,1168440,56326
"Dallas-Plano-Irving, TX",Monthly,9/1/1999,2200,154242,38,725,680814,35684
"Dallas-Plano-Irving, TX",Monthly,8/1/1999,1961,153646,53,1156,1148174,52641
"Dallas-Plano-Irving, TX",Monthly,7/1/1999,2092,151741,74,1538,954686,45934
"Dallas-Plano-Irving, TX",Monthly,6/1/1999,2213,151555,39,870,1080820,48451
"Dallas-Plano-Irving, TX",Monthly,5/1/1999,2069,146132,46,750,886020,54343
"Dallas-Plano-Irving, TX",Monthly,4/1/1999,2064,150715,35,861,1239713,50395
"Dallas-Plano-Irving, TX",Monthly,3/1/1999,2166,155565,62,1651,1138849,42767
"Dallas-Plano-Irving, TX",Monthly,2/1/1999,1947,157360,86,1355,639036,40559
"Dallas-Plano-Irving, TX",Monthly,1/1/1999,1705,151299,118,1403,554914,46671
"Dallas-Plano-Irving, TX",Monthly,12/1/1998,1446,151071,0,1699,0,50693
"Dallas-Plano-Irving, TX",Monthly,11/1/1998,1599,137936,0,1081,0,38553
"Dallas-Plano-Irving, TX",Monthly,10/1/1998,1638,155745,0,1194,0,43189
"Dallas-Plano-Irving, TX",Monthly,9/1/1998,1932,145267,0,1697,0,50826
"Dallas-Plano-Irving, TX",Monthly,8/1/1998,1875,147166,0,1451,0,46480
"Dallas-Plano-Irving, TX",Monthly,7/1/1998,2168,151687,0,1875,0,46321
"Dallas-Plano-Irving, TX",Monthly,6/1/1998,2164,157510,0,2191,0,62761
"Dallas-Plano-Irving, TX",Monthly,5/1/1998,2207,152164,0,1711,0,43945
"Dallas-Plano-Irving, TX",Monthly,4/1/1998,2154,149949,0,465,0,33213
"Dallas-Plano-Irving, TX",Monthly,3/1/1998,2000,137577,0,2727,0,40442
"Dallas-Plano-Irving, TX",Monthly,2/1/1998,1723,147947,0,252,0,49739
"Dallas-Plano-Irving, TX",Monthly,1/1/1998,1610,150885,0,452,0,53754
"Dallas-Plano-Irving, TX",Monthly,12/1/1997,1445,139503,0,1561,0,41368
"Dallas-Plano-Irving, TX",Monthly,11/1/1997,1419,150897,0,1514,0,46324
"Dallas-Plano-Irving, TX",Monthly,10/1/1997,1586,152428,0,1619,0,43037
"Dallas-Plano-Irving, TX",Monthly,9/1/1997,1741,142783,0,1076,0,42091
"Dallas-Plano-Irving, TX",Monthly,8/1/1997,1625,144970,0,1060,0,43416
"Dallas-Plano-Irving, TX",Monthly,7/1/1997,1712,148162,0,1061,0,25861
"Dallas-Plano-Irving, TX",Monthly,6/1/1997,1740,150502,0,991,0,37978
"Dallas-Plano-Irving, TX",Monthly,5/1/1997,1693,139893,0,668,0,54434
"Dallas-Plano-Irving, TX",Monthly,4/1/1997,1756,132220,0,1141,0,31595
"Dallas-Plano-Irving, TX",Monthly,3/1/1997,1617,148815,0,823,0,48168
"Dallas-Plano-Irving, TX",Monthly,2/1/1997,1315,141648,0,1323,0,41144
"Dallas-Plano-Irving, TX",Monthly,1/1/1997,1360,148206,0,878,0,36027
"Dallas-Plano-Irving, TX",Monthly,12/1/1996,1179,136805,0,1856,0,52148
"Dallas-Plano-Irving, TX",Monthly,11/1/1996,1185,138003,0,1561,0,99028
"Dallas-Plano-Irving, TX",Monthly,10/1/1996,1522,136301,0,765,0,32858
"Dallas-Plano-Irving, TX",Monthly,9/1/1996,1291,135422,0,799,0,36808
"Dallas-Plano-Irving, TX",Monthly,8/1/1996,1685,134230,0,983,0,22452
"Dallas-Plano-Irving, TX",Monthly,7/1/1996,1674,145583,0,700,0,30994
"Dallas-Plano-Irving, TX",Monthly,6/1/1996,1427,132869,0,1630,0,42215
"Dallas-Plano-Irving, TX",Monthly,5/1/1996,1721,137212,0,377,0,53496
"Dallas-Plano-Irving, TX",Monthly,4/1/1996,1826,142209,0,408,0,32340
"Dallas-Plano-Irving, TX",Monthly,3/1/1996,1737,135198,0,114,0,37910
"Dallas-Plano-Irving, TX",Monthly,2/1/1996,1500,150693,0,455,0,43956
"Dallas-Plano-Irving, TX",Monthly,1/1/1996,1389,138278,0,285,0,38399
"Dallas-Plano-Irving, TX",Monthly,12/1/1995,1079,133503,0,791,0,59876
"Dallas-Plano-Irving, TX",Monthly,11/1/1995,1180,131613,0,0,0,0
"Dallas-Plano-Irving, TX",Monthly,10/1/1995,1292,136543,0,1234,0,46365
"Dallas-Plano-Irving, TX",Monthly,9/1/1995,1301,130949,0,768,0,36340
"Dallas-Plano-Irving, TX",Monthly,8/1/1995,1494,125730,0,179,0,37523
"Dallas-Plano-Irving, TX",Monthly,7/1/1995,1343,127999,0,1429,0,41024
"Dallas-Plano-Irving, TX",Monthly,6/1/1995,1405,129687,0,1329,0,39887
"Dallas-Plano-Irving, TX",Monthly,5/1/1995,1672,127319,0,498,0,34505
"Dallas-Plano-Irving, TX",Monthly,4/1/1995,1192,126865,0,1281,0,38057
"Dallas-Plano-Irving, TX",Monthly,3/1/1995,1484,121349,0,87,0,11088
"Dallas-Plano-Irving, TX",Monthly,2/1/1995,1031,128395,0,1634,0,41101
"Dallas-Plano-Irving, TX",Monthly,1/1/1995,1073,135723,0,1322,0,33421
"Dallas-Plano-Irving, TX",Monthly,12/1/1994,933,127435,0,1356,0,41065
"Dallas-Plano-Irving, TX",Monthly,11/1/1994,975,133559,0,1214,0,22379
"Dallas-Plano-Irving, TX",Monthly,10/1/1994,1079,128737,0,1355,0,32673
"Dallas-Plano-Irving, TX",Monthly,9/1/1994,1109,123909,0,2726,0,39135
"Dallas-Plano-Irving, TX",Monthly,8/1/1994,1424,127121,0,264,0,39286
"Dallas-Plano-Irving, TX",Monthly,7/1/1994,1167,132294,0,624,0,40119
"Dallas-Plano-Irving, TX",Monthly,6/1/1994,1488,139080,0,224,0,28072
"Dallas-Plano-Irving, TX",Monthly,5/1/1994,1509,134173,0,299,0,37747
"Dallas-Plano-Irving, TX",Monthly,4/1/1994,1558,131919,0,1282,0,36694
"Dallas-Plano-Irving, TX",Monthly,3/1/1994,1751,125707,0,296,0,28311
"Dallas-Plano-Irving, TX",Monthly,2/1/1994,1371,131691,0,150,0,46393
"Dallas-Plano-Irving, TX",Monthly,1/1/1994,1250,127136,0,268,0,40913
"Dallas-Plano-Irving, TX",Monthly,12/1/1993,1204,131699,0,1236,0,34575
"Dallas-Plano-Irving, TX",Monthly,11/1/1993,1183,124988,0,0,0,0
"Dallas-Plano-Irving, TX",Monthly,10/1/1993,1240,123569,0,0,0,0
"Dallas-Plano-Irving, TX",Monthly,9/1/1993,1372,125175,0,505,0,35312
"Dallas-Plano-Irving, TX",Monthly,8/1/1993,1367,131907,0,523,0,36092
"Dallas-Plano-Irving, TX",Monthly,7/1/1993,1312,127826,0,0,0,0
"Dallas-Plano-Irving, TX",Monthly,6/1/1993,1438,131332,0,388,0,22961
"Dallas-Plano-Irving, TX",Monthly,5/1/1993,1446,123092,0,574,0,21268
"Dallas-Plano-Irving, TX",Monthly,4/1/1993,1494,121331,0,444,0,65574
"Dallas-Plano-Irving, TX",Monthly,3/1/1993,1494,119869,0,336,0,31287
"Dallas-Plano-Irving, TX",Monthly,2/1/1993,1078,125553,0,0,0,0
"Dallas-Plano-Irving, TX",Monthly,1/1/1993,996,120754,0,340,0,32603
"Dallas-Plano-Irving, TX",Monthly,12/1/1992,1004,115168,0,0,0,0
"Dallas-Plano-Irving, TX",Monthly,11/1/1992,974,111622,0,288,0,30903
"Dallas-Plano-Irving, TX",Monthly,10/1/1992,1297,108745,0,371,0,49394
"Dallas-Plano-Irving, TX",Monthly,9/1/1992,1369,109524,0,5,0,19212
"Dallas-Plano-Irving, TX",Monthly,8/1/1992,1204,108507,0,132,0,35558
"Dallas-Plano-Irving, TX",Monthly,7/1/1992,1329,117984,0,0,0,0
"Dallas-Plano-Irving, TX",Monthly,6/1/1992,1210,118426,0,398,0,27063
"Dallas-Plano-Irving, TX",Monthly,5/1/1992,1224,111734,0,264,0,21958
"Dallas-Plano-Irving, TX",Monthly,4/1/1992,1309,113187,0,296,0,28429
"Dallas-Plano-Irving, TX",Monthly,3/1/1992,1416,107950,0,8,0,15625
"Dallas-Plano-Irving, TX",Monthly,2/1/1992,1269,115289,0,24,0,102083
"Dallas-Plano-Irving, TX",Monthly,1/1/1992,1071,116310,0,8,0,57125
"Dallas-Plano-Irving, TX",Monthly,12/1/1991,735,121061,0,299,0,23847
"Dallas-Plano-Irving, TX",Monthly,11/1/1991,779,112074,0,698,0,19436
"Dallas-Plano-Irving, TX",Monthly,10/1/1991,1041,112186,0,307,0,21996
"Dallas-Plano-Irving, TX",Monthly,9/1/1991,871,111157,0,560,0,39388
"Dallas-Plano-Irving, TX",Monthly,8/1/1991,990,112862,0,0,0,0
"Dallas-Plano-Irving, TX",Monthly,7/1/1991,1106,111249,0,344,0,52965
"Dallas-Plano-Irving, TX",Monthly,6/1/1991,1011,112017,0,0,0,0
"Dallas-Plano-Irving, TX",Monthly,5/1/1991,1190,114908,0,240,0,30104
"Dallas-Plano-Irving, TX",Monthly,4/1/1991,1063,109604,0,0,0,0
"Dallas-Plano-Irving, TX",Monthly,3/1/1991,990,107586,0,6,0,45880
"Dallas-Plano-Irving, TX",Monthly,2/1/1991,752,109670,0,84,0,11169
"Dallas-Plano-Irving, TX",Monthly,1/1/1991,629,116747,0,552,0,27722
"Dallas-Plano-Irving, TX",Monthly,12/1/1990,0,0,0,0,0,0
"Dallas-Plano-Irving, TX",Monthly,11/1/1990,0,0,0,0,0,0
"Dallas-Plano-Irving, TX",Monthly,10/1/1990,0,0,0,0,0,0
"Dallas-Plano-Irving, TX",Monthly,9/1/1990,0,0,0,0,0,0
"Dallas-Plano-Irving, TX",Monthly,8/1/1990,0,0,0,0,0,0
"Dallas-Plano-Irving, TX",Monthly,7/1/1990,0,0,0,0,0,0
"Dallas-Plano-Irving, TX",Monthly,6/1/1990,0,0,0,0,0,0
"Dallas-Plano-Irving, TX",Monthly,5/1/1990,0,0,0,0,0,0
"Dallas-Plano-Irving, TX",Monthly,4/1/1990,0,0,0,0,0,0
"Dallas-Plano-Irving, TX",Monthly,3/1/1990,0,0,0,0,0,0
"Dallas-Plano-Irving, TX",Monthly,2/1/1990,0,0,0,0,0,0
"Dallas-Plano-Irving, TX",Monthly,1/1/1990,0,0,0,0,0,0
"Dallas-Plano-Irving, TX",Monthly,12/1/1989,0,0,0,0,0,0
"Dallas-Plano-Irving, TX",Monthly,11/1/1989,0,0,0,0,0,0
"Dallas-Plano-Irving, TX",Monthly,10/1/1989,0,0,0,0,0,0
"Dallas-Plano-Irving, TX",Monthly,9/1/1989,0,0,0,0,0,0
"Dallas-Plano-Irving, TX",Monthly,8/1/1989,0,0,0,0,0,0
"Dallas-Plano-Irving, TX",Monthly,7/1/1989,0,0,0,0,0,0
"Dallas-Plano-Irving, TX",Monthly,6/1/1989,0,0,0,0,0,0
"Dallas-Plano-Irving, TX",Monthly,5/1/1989,0,0,0,0,0,0
"Dallas-Plano-Irving, TX",Monthly,4/1/1989,0,0,0,0,0,0
"Dallas-Plano-Irving, TX",Monthly,3/1/1989,0,0,0,0,0,0
"Dallas-Plano-Irving, TX",Monthly,2/1/1989,0,0,0,0,0,0
"Dallas-Plano-Irving, TX",Monthly,1/1/1989,0,0,0,0,0,0
"Dallas-Plano-Irving, TX",Monthly,12/1/1988,0,0,0,0,0,0
"Dallas-Plano-Irving, TX",Monthly,11/1/1988,0,0,0,0,0,0
"Dallas-Plano-Irving, TX",Monthly,10/1/1988,0,0,0,0,0,0
"Dallas-Plano-Irving, TX",Monthly,9/1/1988,0,0,0,0,0,0
"Dallas-Plano-Irving, TX",Monthly,8/1/1988,0,0,0,0,0,0
"Dallas-Plano-Irving, TX",Monthly,7/1/1988,0,0,0,0,0,0
"Dallas-Plano-Irving, TX",Monthly,6/1/1988,0,0,0,0,0,0
"Dallas-Plano-Irving, TX",Monthly,5/1/1988,0,0,0,0,0,0
"Dallas-Plano-Irving, TX",Monthly,4/1/1988,0,0,0,0,0,0
"Dallas-Plano-Irving, TX",Monthly,3/1/1988,0,0,0,0,0,0
"Dallas-Plano-Irving, TX",Monthly,2/1/1988,0,0,0,0,0,0
"Dallas-Plano-Irving, TX",Monthly,1/1/1988,0,0,0,0,0,0
"Dallas-Plano-Irving, TX",Monthly,12/1/1987,0,0,0,0,0,0
"Dallas-Plano-Irving, TX",Monthly,11/1/1987,0,0,0,0,0,0
"Dallas-Plano-Irving, TX",Monthly,10/1/1987,0,0,0,0,0,0
"Dallas-Plano-Irving, TX",Monthly,9/1/1987,0,0,0,0,0,0
"Dallas-Plano-Irving, TX",Monthly,8/1/1987,0,0,0,0,0,0
"Dallas-Plano-Irving, TX",Monthly,7/1/1987,0,0,0,0,0,0
"Dallas-Plano-Irving, TX",Monthly,6/1/1987,0,0,0,0,0,0
"Dallas-Plano-Irving, TX",Monthly,5/1/1987,0,0,0,0,0,0
"Dallas-Plano-Irving, TX",Monthly,4/1/1987,0,0,0,0,0,0
"Dallas-Plano-Irving, TX",Monthly,3/1/1987,0,0,0,0,0,0
"Dallas-Plano-Irving, TX",Monthly,2/1/1987,0,0,0,0,0,0
"Dallas-Plano-Irving, TX",Monthly,1/1/1987,0,0,0,0,0,0
"Dallas-Plano-Irving, TX",Monthly,12/1/1986,0,0,0,0,0,0
"Dallas-Plano-Irving, TX",Monthly,11/1/1986,0,0,0,0,0,0
"Dallas-Plano-Irving, TX",Monthly,10/1/1986,0,0,0,0,0,0
"Dallas-Plano-Irving, TX",Monthly,9/1/1986,0,0,0,0,0,0
"Dallas-Plano-Irving, TX",Monthly,8/1/1986,0,0,0,0,0,0
"Dallas-Plano-Irving, TX",Monthly,7/1/1986,0,0,0,0,0,0
"Dallas-Plano-Irving, TX",Monthly,6/1/1986,0,0,0,0,0,0
"Dallas-Plano-Irving, TX",Monthly,5/1/1986,0,0,0,0,0,0
"Dallas-Plano-Irving, TX",Monthly,4/1/1986,0,0,0,0,0,0
"Dallas-Plano-Irving, TX",Monthly,3/1/1986,0,0,0,0,0,0
"Dallas-Plano-Irving, TX",Monthly,2/1/1986,0,0,0,0,0,0
"Dallas-Plano-Irving, TX",Monthly,1/1/1986,0,0,0,0,0,0
"Dallas-Plano-Irving, TX",Monthly,12/1/1985,0,0,0,0,0,0
"Dallas-Plano-Irving, TX",Monthly,11/1/1985,0,0,0,0,0,0
"Dallas-Plano-Irving, TX",Monthly,10/1/1985,0,0,0,0,0,0
"Dallas-Plano-Irving, TX",Monthly,9/1/1985,0,0,0,0,0,0
"Dallas-Plano-Irving, TX",Monthly,8/1/1985,0,0,0,0,0,0
"Dallas-Plano-Irving, TX",Monthly,7/1/1985,0,0,0,0,0,0
"Dallas-Plano-Irving, TX",Monthly,6/1/1985,0,0,0,0,0,0
"Dallas-Plano-Irving, TX",Monthly,5/1/1985,0,0,0,0,0,0
"Dallas-Plano-Irving, TX",Monthly,4/1/1985,0,0,0,0,0,0
"Dallas-Plano-Irving, TX",Monthly,3/1/1985,0,0,0,0,0,0
"Dallas-Plano-Irving, TX",Monthly,2/1/1985,0,0,0,0,0,0
"Dallas-Plano-Irving, TX",Monthly,1/1/1985,0,0,0,0,0,0
"Dallas-Plano-Irving, TX",Monthly,12/1/1984,1163,84323,0,3059,0,21623
"Dallas-Plano-Irving, TX",Monthly,11/1/1984,1320,80636,0,1306,0,20748
"Dallas-Plano-Irving, TX",Monthly,10/1/1984,1210,87857,0,1486,0,20292
"Dallas-Plano-Irving, TX",Monthly,9/1/1984,1417,86612,0,2488,0,54413
"Dallas-Plano-Irving, TX",Monthly,8/1/1984,1631,84731,0,1566,0,21149
"Dallas-Plano-Irving, TX",Monthly,7/1/1984,1669,76472,0,1835,0,22260
"Dallas-Plano-Irving, TX",Monthly,6/1/1984,1820,79702,0,3196,0,22859
"Dallas-Plano-Irving, TX",Monthly,5/1/1984,2158,82769,0,2978,0,24343
"Dallas-Plano-Irving, TX",Monthly,4/1/1984,2050,68405,0,3745,0,21097
"Dallas-Plano-Irving, TX",Monthly,3/1/1984,2072,74066,0,896,0,21611
"Dallas-Plano-Irving, TX",Monthly,2/1/1984,1888,78058,0,3066,0,21695
"Dallas-Plano-Irving, TX",Monthly,1/1/1984,1934,70487,0,2977,0,32838
"Dallas-Plano-Irving, TX",Monthly,12/1/1983,1282,107956,0,3227,0,26763
"Dallas-Plano-Irving, TX",Monthly,11/1/1983,1430,82714,0,1763,0,56623
"Dallas-Plano-Irving, TX",Monthly,10/1/1983,1770,74485,0,5694,0,20058
"Dallas-Plano-Irving, TX",Monthly,9/1/1983,1614,76670,0,4204,0,31054
"Dallas-Plano-Irving, TX",Monthly,8/1/1983,1914,75854,0,5076,0,22848
"Dallas-Plano-Irving, TX",Monthly,7/1/1983,1622,78335,0,6039,0,25299
"Dallas-Plano-Irving, TX",Monthly,6/1/1983,2208,76065,0,5309,0,21762
"Dallas-Plano-Irving, TX",Monthly,5/1/1983,2172,73137,0,2917,0,20685
"Dallas-Plano-Irving, TX",Monthly,4/1/1983,1890,75619,0,3106,0,18986
"Dallas-Plano-Irving, TX",Monthly,3/1/1983,2103,72604,0,5284,0,18336
"Dallas-Plano-Irving, TX",Monthly,2/1/1983,1535,73257,0,4066,0,18169
"Dallas-Plano-Irving, TX",Monthly,1/1/1983,1439,67343,0,2787,0,19536
"Dallas-Plano-Irving, TX",Monthly,12/1/1982,1241,64868,0,4394,0,21631
"Dallas-Plano-Irving, TX",Monthly,11/1/1982,1385,64235,0,3157,0,22301
"Dallas-Plano-Irving, TX",Monthly,10/1/1982,1316,60191,0,2667,0,24576
"Dallas-Plano-Irving, TX",Monthly,9/1/1982,1199,63166,0,3291,0,22666
"Dallas-Plano-Irving, TX",Monthly,8/1/1982,1111,66306,0,1779,0,28335
"Dallas-Plano-Irving, TX",Monthly,7/1/1982,937,65931,0,2162,0,19005
"Dallas-Plano-Irving, TX",Monthly,6/1/1982,984,73819,0,2637,0,18383
"Dallas-Plano-Irving, TX",Monthly,5/1/1982,947,64402,0,1200,0,22820
"Dallas-Plano-Irving, TX",Monthly,4/1/1982,992,59955,0,2368,0,21289
"Dallas-Plano-Irving, TX",Monthly,3/1/1982,736,71389,0,385,0,38970
"Dallas-Plano-Irving, TX",Monthly,2/1/1982,617,79589,0,950,0,23002
"Dallas-Plano-Irving, TX",Monthly,1/1/1982,594,67513,0,1048,0,24238
"Dallas-Plano-Irving, TX",Monthly,12/1/1981,524,73092,0,1161,0,27389
"Dallas-Plano-Irving, TX",Monthly,11/1/1981,507,71179,0,216,0,29402
"Dallas-Plano-Irving, TX",Monthly,10/1/1981,317,82234,0,493,0,26202
"Dallas-Plano-Irving, TX",Monthly,9/1/1981,706,63648,0,550,0,16377
"Dallas-Plano-Irving, TX",Monthly,8/1/1981,667,65084,0,785,0,43365
"Dallas-Plano-Irving, TX",Monthly,7/1/1981,1031,64188,0,1523,0,19097
"Dallas-Plano-Irving, TX",Monthly,6/1/1981,706,72473,0,1274,0,31772
"Dallas-Plano-Irving, TX",Monthly,5/1/1981,831,64665,0,1054,0,14844
"Dallas-Plano-Irving, TX",Monthly,4/1/1981,1235,71860,0,1175,0,37334
"Dallas-Plano-Irving, TX",Monthly,3/1/1981,1187,65717,0,392,0,24424
"Dallas-Plano-Irving, TX",Monthly,2/1/1981,851,68612,0,468,0,21799
"Dallas-Plano-Irving, TX",Monthly,1/1/1981,743,71080,0,292,0,27640
"Dallas-Plano-Irving, TX",Monthly,12/1/1980,686,68894,0,683,0,20663
"Dallas-Plano-Irving, TX",Monthly,11/1/1980,823,66866,0,1125,0,20952
"Dallas-Plano-Irving, TX",Monthly,10/1/1980,1138,69188,0,382,0,19540
"Dallas-Plano-Irving, TX",Monthly,9/1/1980,1226,65883,0,1632,0,25185
"Dallas-Plano-Irving, TX",Monthly,8/1/1980,1181,65117,0,1107,0,14184
"Dallas-Plano-Irving, TX",Monthly,7/1/1980,1500,75682,0,656,0,25131
"Dallas-Plano-Irving, TX",Monthly,6/1/1980,1116,68192,0,732,0,19113
"Dallas-Plano-Irving, TX",Monthly,5/1/1980,739,79647,0,349,0,22407
"Dallas-Plano-Irving, TX",Monthly,4/1/1980,715,66869,0,925,0,15583
"Dallas-Plano-Irving, TX",Monthly,3/1/1980,781,66615,0,663,0,19231
"Dallas-Plano-Irving, TX",Monthly,2/1/1980,848,66632,0,770,0,14149
"Dallas-Plano-Irving, TX",Monthly,1/1/1980,672,66725,0,613,0,20153
